Country,Arable land,Crop production index,Exports of goods and services (% of GDP),External balance on goods and services (% of GDP),"Foreign direct investment, net inflows (% of GDP)",GDP per capita (constant 2015 US$),GDP per capita growth (annual %),"GNI per capita, PPP (current international $)",Gross domestic savings (% of GDP),Imports of goods and services (annual % growth),"Industry (including construction), value added (% of GDP)","International tourism, receipts (% of total exports)","Labor force participation rate, total (% of total population ages 15+) (modeled ILO estimate)",Net ODA received (% of GNI),"Population ages 15-64, total",Population growth (annual %),Rural population (% of total population),"Unemployment, youth total (% of total labor force ages 15-24) (national estimate)"
Afghanistan,11.774476283928472,60.008333333333326,,,,,,,,,,,46.78233333333333,,8792589.166666666,3.910795989230044,78.14966666666668,
Africa Eastern and Southern,6.119844950568609,,25.794605828641078,-1.360997645713697,1.5769159521240061,1256.8871690064016,1.06445703795013,1941.4108832811044,13.502477250669214,9.305429888854194,26.879564855666132,10.825900260166954,71.61687785763971,3.200903336074692,195877090.33333334,2.5930807562402243,71.94378652678931,
Africa Western and Central,9.568818076863833,,,,0.9095689522889622,1181.8121096758246,0.5217670198335137,,,,32.819819613492534,4.423628923240919,65.4868254670526,,132147172.0,2.707932556773448,65.82282932450019,
Albania,21.070559610705597,50.55666666666667,13.813750796915414,-22.46153743130729,2.5006488215969904,1662.0456808002862,7.366357806589434,3196.6666666666665,-2.1433392298791287,18.81254872479788,17.35257535743204,42.328112589303906,61.815000000000005,9.2651301264654,1946905.1666666667,-0.6274481091351588,59.67833333333334,
Algeria,3.196962444823253,35.62333333333333,29.943286755619937,6.549578824010633,0.5807333440004604,2986.1329519300057,1.8614721028184273,7396.666666666667,32.548581414136734,1.5493993873709684,48.78500932774884,,44.46016666666667,0.5948053944280871,17603929.666666668,1.6123027818825202,42.05583333333334,
American Samoa,3.641666666666667,,,,,,,,,,,,,,31671.833333333332,1.7938964435248481,12.953499999999998,
Andorra,2.127659574468085,,,,,31127.013536022616,3.1807751880745676,,,,14.843755036780587,,,,47168.666666666664,1.3273853729960805,6.9576666666666656,
Angola,2.406352771316275,21.46666666666667,,,13.92798778434066,1863.9316755188192,4.145942527713278,2640.0,,,64.81020161192579,0.6570431511335101,77.362,6.878205801487039,7711914.666666667,3.284099862184064,52.87766666666667,
Antigua and Barbuda,9.090909090909092,97.21166666666666,,,4.497480965497377,14824.573064383758,1.8014166909830536,16436.666666666668,,,12.919487828530547,,,0.9741862770007642,46017.0,1.8742418142269497,66.95933333333333,
Arab World,4.192644731231174,,,,0.7313743781175005,4706.0865529407065,1.9379816342357568,9102.943399660724,24.445331356435545,,43.15670943360946,,47.586970359264704,0.900701706336359,153575700.5,2.358536551961523,47.544145575322055,
Argentina,10.001985366750832,55.49666666666667,10.316498137687027,-1.361885066814934,3.736691777125328,10733.35429168783,0.5277759300695782,10883.333333333334,17.8576923755714,5.2639341147630345,26.49492068943444,10.524995006763907,62.36266666666668,0.03686543291216812,22230257.666666668,1.2032879698047967,11.34216666666667,
Armenia,15.776841119306875,44.39000000000001,21.56064657578737,-33.30011076410945,5.054413223856726,1080.2567303001606,6.541218197677719,2211.6666666666665,-12.705026074509576,-2.9408933979626517,,9.062739194566428,62.835,12.288508551905172,2046424.3333333333,-1.0458061592447463,34.6365,
Aruba,11.111111111111112,,81.33692217195703,-2.0573877289157094,7.629725181071739,29710.384071718898,0.6109032348780398,28121.666666666668,27.60284528050423,,15.625471031842272,38.41539917233576,,1.0622120357418872,57338.666666666664,2.935943429510488,52.2585,
Australia,2.70645943706095,77.055,18.855138797251698,-1.2689956891360126,2.107460110462455,42428.55620368758,3.064560476049136,23015.0,24.344145467000846,9.72177012930625,25.344635923600023,14.419755403138835,63.18,,12354556.833333334,1.1074687493150548,15.431833333333335,14.399000000000001
Austria,17.036274034577477,100.68333333333334,37.6441387025233,-0.33768056036318156,1.9344128966929084,36083.205722526865,2.775105797878209,26046.666666666668,25.9359788029609,6.225615709155974,28.58399697269816,,58.85333333333333,,5362028.0,0.15770014609783284,39.094500000000004,6.6795
Azerbaijan,21.630286320664467,50.17166666666666,29.548395131778832,-19.974003022336472,16.357830871005344,1242.253884422537,2.977427818310519,2736.6666666666665,8.328269203697879,16.568569903044814,36.622576735086255,9.70167679366717,78.33183333333334,3.6084907012951306,4881866.666666667,0.9633994400633492,48.41016666666667,20.240000000000002
"Bahamas, The",0.6160506160506161,56.663333333333334,40.604806770991054,-5.978873758841288,2.6763271987535546,30011.130636372112,2.588085435874395,23356.666666666668,26.816578944131866,11.845587046987353,12.824101915550417,74.11497946425347,74.68183333333333,0.11308141763108333,201596.5,1.671644918667387,18.5035,19.694000000000003
Bahrain,2.81924882629108,97.94,78.60540644188545,11.995521473658359,9.979989728497733,20895.28586282846,1.145447649044397,35463.333333333336,27.39073951626727,,39.94764208182423,12.904039738210194,65.33066666666666,1.8892029344352441,442115.6666666667,3.02785430790157,11.619666666666662,
Bangladesh,64.51947453330261,52.873333333333335,11.158614543863143,-5.382906830897873,0.26315540800614273,600.8238364741306,2.9557817282882533,1440.0,17.34490213262528,13.75960750809553,22.407233618053038,,58.367333333333335,1.9978200749201669,71098934.5,1.8507529764434851,77.36583333333334,8.875
Barbados,36.434108527131784,235.71,44.77771421666273,-1.7600367468887637,1.621878694383972,15512.384801741178,3.014744904091387,11310.0,12.462519755418,,15.352929484496556,57.39587546223168,67.87766666666666,0.19634062318615797,175207.83333333334,0.186499757772836,65.31433333333334,28.506
Belarus,30.514608670322886,80.545,57.223356856093,-4.12182882710401,1.5378578071451254,2243.001335082634,3.9928608319688337,4778.333333333333,21.6960863929813,2.8666676270471405,34.385987031050455,1.1363968931311617,58.733000000000004,,6716407.333333333,-0.4080478382228285,31.093333333333334,
Belgium,28.46763540290621,96.95,64.56302390732525,3.5611258364520157,17.68277757674308,33224.57691964576,2.5587485561490553,25003.333333333332,25.984874609402215,6.642509051768012,25.53448806065211,,51.085,,6706582.166666667,0.22200943486059985,3.0429999999999993,20.240666666666666
Belize,2.783866725120561,87.27500000000002,42.75979098198416,-0.9721286410172604,2.716873808750176,5089.899608007637,1.9505015682848874,6273.333333333333,25.60252772684163,11.259256189429815,21.123327060395138,30.31251698676499,58.41683333333333,2.437659756842015,121422.5,3.19938873319737,54.0975,
Benin,18.874896535414447,51.303333333333335,25.29194359108916,-6.143300654626954,-0.015111315627930657,843.9014998979154,2.328988349402671,1561.6666666666667,12.174441789594438,3.7309290291589554,14.92474724418876,12.902622657502343,71.9345,9.452043694396346,3330024.5,2.7786347527759467,62.456500000000005,
Bermuda,7.407407407407406,,,,2.051419256916531,97186.62636060662,3.9765180873767676,,,,8.534602370069562,,,,42912.166666666664,0.6915114209923137,0.0,10.73
Bhutan,3.8107202680067,67.49833333333333,35.182153569482075,-13.890131783013805,0.1357309675804408,1035.9244056217917,3.800660433934219,2290.0,19.962134344265557,19.26752992351978,34.5616815641337,,69.94949999999999,19.23656225461606,315128.0,1.9854740104818582,77.07133333333333,
Bolivia,2.669312901935444,52.603333333333325,20.183037385208983,-8.319114520093672,8.935319054025735,1967.008566027361,1.7677409850605699,3065.0,10.286724795427794,6.706472167486576,26.758177668321675,8.439739664878228,70.72383333333335,7.8938204511021475,4607107.0,1.8417202219787032,39.52766666666667,6.6875
Bosnia and Herzegovina,18.06640625,75.18166666666667,24.78234048689252,-55.91123814409332,2.6723326825215072,1831.211502257326,27.773196484293482,3030.0,-25.47002491733626,,24.990340015685884,19.450613988094112,42.82433333333333,28.68951379917587,2729461.8333333335,1.7519547620433107,58.400499999999994,
Botswana,0.5322934495556378,69.78666666666666,53.643988555896875,9.47964173109961,1.4328507125150047,4629.170976372039,3.136350096325726,7815.0,36.66651588541279,8.752861592704157,44.94359787793681,6.604617077831345,57.96733333333333,1.6531882161179252,917190.0,2.3092020913072218,48.89933333333334,37.935
Brazil,5.264987186144286,49.964999999999996,8.004363483497245,-2.200735283441649,2.8944299360492844,6615.356385531526,1.0029262710530513,8285.0,15.596049595560322,7.753674852346836,22.53130713750939,2.311070450926971,63.53900000000001,0.031307113182245744,107818167.83333333,1.4747195301549902,20.595166666666668,16.906200000000002
British Virgin Islands,11.111111111111112,,,,,,,,,,,,,,12988.333333333334,2.54694739485541,58.90766666666667,
Brunei Darussalam,0.7590132827324477,70.59333333333332,58.4130627861374,5.648642327539286,13.025814050472135,34459.1859101269,-0.38534204767084884,64341.666666666664,37.395108027737194,-0.48749208347053735,56.168115761404515,,67.14283333333333,0.0906190565712584,197608.0,2.2398039465705266,30.088166666666666,
Bulgaria,34.85944138118051,79.34666666666666,41.88712780283952,5.038733643107055,3.827897548596417,3844.4298824722496,-0.4687263848123256,6305.0,19.407387513261643,5.768007939605245,20.36377947885236,14.714892011371097,52.376000000000005,,5558135.333333333,-0.5486288461876698,31.65833333333333,33.33
Burkina Faso,13.783503898635479,32.693333333333335,10.920586459505694,-16.10244863016374,0.4347063811368111,403.6082674902914,3.744733204048167,811.6666666666666,5.9481494159173645,5.528255291312074,20.05187030707229,,79.56983333333334,14.00862696497174,5534712.666666667,2.7238345955455565,83.67783333333334,
Burundi,36.99376947040499,78.00333333333333,8.412769124391339,-9.772333029584589,0.24690903099843742,326.73153838853415,-4.352595021577055,533.3333333333334,-3.7543696557854602,14.15091363019899,14.804026983931047,2.3650721908147427,84.85433333333334,12.595964659543824,2928800.3333333335,2.023801745050735,92.2745,
Cabo Verde,10.75268817204301,62.50833333333335,22.592858932618924,-36.373600046303494,5.027629141711559,1601.9387520030377,10.007237321361698,2338.3333333333335,,,25.82240442625137,39.8001629964092,60.229166666666664,22.784536395839933,223280.66666666666,2.197059295678703,48.8965,
Cambodia,20.960797643326533,32.79,35.29894850773762,-13.94690872988513,4.7546476483578894,419.68183968196473,5.546312782599062,871.6666666666666,1.7593765763175544,16.815292221699043,17.040318378503358,13.633341518569503,79.28966666666668,10.485479370755003,6218516.5,2.174728116783623,81.9225,2.5669999999999997
Cameroon,12.608152990205411,40.07833333333333,23.132705595520793,3.310661530525847,0.7949911504073843,1094.2940876644375,1.3631826125557087,1833.3333333333333,20.961532491068965,12.812341392819754,28.434337058115105,4.7312285125956395,82.18150000000001,4.234406461964565,7193823.166666667,2.6813775493700014,55.94566666666666,
Canada,4.576478885754684,66.75,39.57150999712729,3.373019303628233,3.8546984743555583,34746.027657116705,2.8333090844282176,25221.666666666668,23.745126310186915,7.890818275504135,27.980521170636276,4.213570024449132,65.13,,20390572.666666668,0.9413172314906961,21.454833333333337,14.729833333333332
Caribbean small states,1.8592688650117326,,,,4.744541465874226,7551.864801447476,2.518832296268395,8196.054889517423,,,24.106092430799674,38.80432483658128,63.65684657440963,1.325470995574335,3963794.1666666665,0.8351812192139695,49.96705176602084,29.231029736236454
Cayman Islands,0.8333333333333334,,,,,,,,,,,,,,26977.166666666668,3.8818619349810906,0.0,
Central African Republic,3.0017014992455615,86.37166666666667,22.138060322788515,-4.607289733798232,0.5415667115834326,461.07235353919117,-0.3908944412604261,636.6666666666666,6.479609145649015,,,,70.35216666666668,12.582562462701263,1821142.5,2.747556035386674,62.565333333333335,
Central Europe and the Baltics,38.7529971894155,,34.894624349107886,-3.7085462938744946,4.057185080319294,6848.037222283362,3.7687205555719197,8811.466978407265,21.37446084903175,10.83019510323258,30.31123411136404,14.339095024570684,58.23982215390526,0.029952484564249992,73826190.66666667,-0.23972965693107065,38.45417806765996,22.250117962213437
Chad,2.8086615840745446,48.89833333333333,18.619367690416837,-13.054216882472389,3.1190908603899103,396.461193310432,-1.355471092117649,770.0,4.558761295415961,2.586418061805103,12.576035916354266,,70.24866666666667,13.598108921218225,3693194.8333333335,3.7551987646094918,78.44516666666668,
Channel Islands,18.68686868686869,,,,,,,,,,,,58.79183333333333,,98422.5,0.3289748141600695,69.55266666666667,
Chile,2.603788404534035,66.92166666666667,27.338525494208735,-0.36143447669979273,6.623487698069422,8036.292855562664,3.98499048069309,8256.666666666666,26.303356213553943,9.579060634404216,30.178377993878073,6.095858041844237,56.43083333333334,0.15685834721460842,9630479.833333334,1.2873215582086583,14.682333333333332,20.971
China,12.694574295422434,55.92499999999999,18.794542805168977,2.9250500888153286,4.319600870967489,1850.49265070826,7.974005029227946,2335.0,39.10807116606028,,46.274572398700656,9.366766985972339,77.42183333333334,0.2699720817951242,833737188.0,0.961909846909267,66.60516666666666,
Colombia,2.294727354664263,71.47166666666668,15.640636272776872,-4.029343026075264,2.7540627338029124,4125.079343925757,-0.10698352279976102,6560.0,15.366869139340087,-1.1497115746951085,27.540907961841256,8.843159575512596,67.93566666666668,0.2258643832977432,23280647.166666668,1.7551399519446518,27.1255,18.7
Comoros,34.92745835572273,80.995,8.836283387904347,-18.084763761381762,0.09313912969211142,1127.1740118653117,1.2634663871647476,1636.6666666666667,-0.042318340212893955,3.4006115529038254,12.206350090948119,48.00848762188017,42.089666666666666,8.472694577633042,255791.16666666666,2.0906982022039,71.8095,
"Congo, Dem. Rep.",2.9553825455989062,49.935,23.68507031124743,1.1791141138975216,0.17034009799548042,409.94473529554585,-5.646960356087135,461.6666666666667,11.06706036241996,24.628776133541077,22.00562841179745,,72.44133333333335,2.691174626759068,23548460.166666668,2.632950576246732,66.02516666666666,
"Congo, Rep.",1.4241093216203025,59.751666666666665,72.93737850413974,13.094076295898049,-1.4958460240827858,2079.0316008085506,0.008340491192579217,2490.0,43.32192344890072,0.7687397312770159,55.50920612317899,0.7399905674616312,68.15833333333333,11.747936216195058,1562469.6666666667,2.675557023640103,42.46066666666667,
Costa Rica,4.178091134612874,65.70833333333333,41.53355080490032,-3.190614258622185,3.9110039520510114,7198.828257000598,2.1092159946361995,6885.0,17.105219989263528,5.137639231835254,25.960179517899203,20.88009331620427,58.39666666666667,0.14270506986013384,2342228.5,2.1903384695109165,43.18866666666667,
Cote d'Ivoire,9.119496855345913,63.36666666666667,30.2813455940628,2.6419717249087222,2.0423045502880712,1825.1387068099336,1.5540461216432437,2045.0,18.63155657401842,4.604044504395873,15.465234758944009,,65.17633333333333,6.70514833382152,8175230.166666667,3.2754180865441698,57.833499999999994,
Croatia,18.131842103112287,85.59166666666665,30.507657167524727,-7.425679687042469,3.261311619963307,8254.700122521555,4.012087556542156,9411.666666666666,12.739687132348505,6.460224800703747,25.293931019850742,34.83311220564332,53.57916666666667,0.26915054834652075,3067032.3333333335,-0.6715653838015131,47.1465,
Cuba,33.34109248913718,97.71,14.426493930575289,-2.836596019050575,,3720.986193918394,3.8789880943157633,,9.833059634139994,6.251293453647662,24.845479511994487,,51.839,0.23178096918411006,7580126.333333333,0.33130422941882287,25.235333333333333,
Curacao,,,,,,21523.645846077965,,,,,14.789921930652802,,,,92284.16666666667,-1.2897379902190704,10.732500000000002,
Cyprus,10.746753246753245,189.6816666666667,68.62389051717379,0.8117053712997051,5.0304066122691635,20457.3818359375,3.4584803306386553,17806.666666666668,23.234888994225837,6.436277124274625,19.210985781217776,41.912699670182135,59.99000000000001,0.2321067317100407,604159.3333333334,1.932100806465903,31.656333333333336,9.6715
Czechia,42.206979854190934,93.50333333333333,41.916042419409344,-2.4488930727043243,5.293023196740227,11724.068633351832,2.6767742992211985,14768.333333333334,30.212341896197614,11.042013732360326,34.88033321162199,,60.78,,7101756.5,-0.12713215087738156,25.68383333333333,11.641666666666667
Denmark,58.11250000000001,92.11666666666667,38.80407741258816,5.085721673700049,6.572429027791631,46078.58774407763,2.5834268473933855,24980.0,26.536812138984857,7.169582374238118,22.57508744670588,5.197960334818584,65.295,,3546942.0,0.4217893134935533,14.956000000000001,8.7415
Djibouti,0.04314063848144953,69.01833333333333,,,0.6227678099524498,,,,,,,3.3005102395923522,36.04083333333333,16.341222306171574,381898.5,2.9013640110790058,23.584000000000003,
Dominica,4.666666666666667,110.49666666666667,,,7.578583502084232,5889.526403546251,2.6759318715489613,5575.0,,,14.863448935339045,34.48904183849189,,7.527900773012895,40936.666666666664,-0.20648202210044442,34.95166666666666,37.375
Dominican Republic,18.433036638377146,50.19,35.02075507003854,-5.339845945014299,3.086184040251396,3763.2772429715587,4.544198491007023,5561.666666666667,18.873490963170955,8.520025278275616,32.59636617135114,45.512014014981595,58.02583333333333,0.5240174417040032,4890814.5,1.6754967787956547,40.315333333333335,12.541
Early-demographic dividend,12.60687443429138,,22.617397275341848,-0.40201105965805856,1.6394885232279315,2101.8992197955436,1.6713286937388265,3826.2611811078964,22.033719850958864,7.078222645817874,32.152616108220535,7.6811705313856455,57.82901589774959,0.6423260212172511,1400558024.6666667,1.9705365426535077,62.51851160987507,11.344150537953926
East Asia & Pacific,8.753629661763396,,21.594027719350137,1.5922864414541003,1.4724070330917172,4693.369307060151,3.0173741191205963,5109.549204334796,32.06713647653594,,34.599625000414086,4.951518596929764,73.45971864257831,0.11248813838152504,1325077765.3333333,1.1042026747065823,60.5157969035734,
East Asia & Pacific (excluding high income),11.642810330188775,,29.949859711261983,2.545645055539278,3.673871579524348,1858.424098506083,5.959360676495962,2806.589389936846,36.00322038881393,,43.638248755751675,8.655002457632786,75.07685788820191,0.5568663089022546,1167047184.8333333,1.1710138343021252,65.64084788228722,
East Asia & Pacific (IDA & IBRD countries),11.58495597249763,,29.947468214659057,2.5617769688031817,3.673871579524348,1880.4461883627007,5.956062968679409,2839.8317041396585,36.00291550126698,,43.63124940206264,8.655002457632788,75.08101642729501,0.5369865319957374,1151438528.8333333,1.174179263117639,65.96676676980537,
Ecuador,6.12365603646246,77.16833333333334,23.58202367715532,-0.7034889421046526,2.114192129924244,4374.400146553854,-0.46618837493049153,5530.0,19.8922387700617,1.150682624356186,28.00288244482471,6.461016833856913,64.3355,0.7972470413361824,7144714.666666667,1.7797914015793637,40.964333333333336,18.05575
"Egypt, Arab Rep.",2.8287039362432402,65.455,18.267989965459645,-6.837183122379884,1.1249410606379193,2302.8610535197618,3.287747404396908,4936.666666666667,12.916067806139688,4.383526670177993,29.42687880103224,25.933086731927617,46.93000000000001,2.4280359872527137,38782636.833333336,2.1387737494237715,57.266,21.744999999999997
El Salvador,28.717020592020592,105.67833333333333,24.054597210158864,-13.352901095620888,2.8940382520864154,2866.6464916419086,1.6616228587663642,4035.0,4.147763937524299,8.28977338420966,26.008871926156345,13.721491705381855,61.306000000000004,2.3184802680202226,3354705.6666666665,0.7595287639850755,43.18966666666666,
Equatorial Guinea,0.6892453951277481,73.03166666666668,,,62.85322801075049,2396.1087826606004,44.47299297793191,3658.3333333333335,,,,1.6412259167501517,57.24533333333334,10.93036035323806,334039.0,3.9638489403736124,55.228,
Eritrea,4.544554455445544,94.04833333333333,19.212687372095463,-60.97847348001934,5.452384217856855,809.3325926521226,0.4129387018251241,1433.3333333333333,-30.81827590389007,0.6480276155870044,19.047668579675726,37.994914152471075,80.06833333333334,22.604043714166874,1210870.5,2.6387185609487447,75.48,
Estonia,20.582684595423448,63.79999999999999,67.11513515117609,-7.530823098470267,6.141928360611018,8606.67221869716,7.00709772217134,9070.0,21.73727552270738,7.417974293364708,25.668965654197294,20.281977754784204,60.44666666666666,,931238.5,-0.7640088300775317,30.170333333333332,17.874666666666666
Eswatini,10.348837209302324,78.62166666666666,64.02734210331143,-16.257302551759484,4.126430529646012,2345.0205573755024,1.8631777361113275,4523.333333333333,2.6402758260845434,5.096037963368467,37.59236631457436,3.722512791985809,53.255,1.89108078440338,516241.0,1.290126110210515,77.24316666666665,43.58
Ethiopia,9.901833333333332,34.596666666666664,,,1.61269676730317,254.13626665146725,1.6962106169776519,445.0,,,11.074617392773751,19.303640442557917,79.29200000000002,8.880963329165688,31089417.166666668,3.110358179733085,85.71983333333333,5.417
Euro area,25.9425161003337,,30.609491011929894,1.54126241588163,3.2636490201705315,28907.24795184983,2.5147772295236783,22595.551698857318,24.055021529523913,8.733367453306371,25.750395371252594,8.07027850936618,54.608903041490116,0.001339942579734798,215178083.83333334,0.25909528556774103,27.505378229420483,23.227448399597748
Europe & Central Asia,13.200810048860994,,30.63217376737117,1.4426102640543281,3.7066749381180437,17083.57380853082,2.6535593821977983,14116.945579540346,23.35786459532933,8.33164998851498,26.05610526019247,7.942690681961879,57.593133195202704,0.03443740539274287,569565738.5,0.15330745699869652,31.570778938143388,20.714953294289646
Europe & Central Asia (excluding high income),10.820625148419113,,29.240559116723855,1.5590842828024616,1.174006113094224,3762.8398201809673,1.5803822183505905,5570.479160455837,22.283552199191046,5.256972073640893,31.774165848284337,,58.92470240034692,0.5126658782329442,240998817.66666666,0.10346314350388515,35.69825915263234,
Europe & Central Asia (IDA & IBRD countries),11.60774006669218,,28.20101749535982,0.03781674080658822,1.7560395415555046,4091.4278377864157,2.0953116432386736,5924.407420371625,21.236064232636267,7.057441998534482,31.59045849623025,,59.067470465322394,0.3591786477064272,285262617.0,0.05893485949854712,36.62497246808829,20.826428326466807
European Union,27.7629901227333,,31.16341354038916,1.5460295373357689,3.5650237843424164,24374.942743098898,2.6852615944993325,19612.01460165568,24.090641917707615,8.900349185666498,25.91970850524763,8.13538440036169,55.6318349126725,0.002000035461657041,288277942.6666667,0.15360130356799573,29.529332529533164,22.692995355531437
Faroe Islands,0.04584527220630374,97.00999999999999,47.67785965316428,-0.4351582733150166,,,,,22.48172359881018,,17.74452830520133,,,,27972.333333333332,0.567669295919302,64.65033333333334,
Fiji,7.058930852034301,156.68666666666667,61.139714872463294,0.0069521442229909525,-2.2920667336005764,3915.9255667244456,1.3800595118181178,5246.666666666667,21.12082518274122,,20.418851297889788,32.12898950480195,59.20783333333333,2.086329417822647,493364.1666666667,0.8565857948500025,53.157333333333334,13.12
Finland,7.072293903279818,96.35166666666667,37.82267351251165,7.9588652681879735,4.900094623605557,33638.32737550722,4.672460409655791,22396.666666666668,29.28835616240563,9.154741018011356,29.98558082070663,4.773778688044026,60.17283333333333,,3435725.5,0.28537771741328255,18.41866666666667,35.467
Fragile and conflict affected situations,8.812951852645034,,,,1.4006342653249817,1352.5142422287827,1.525043654658487,,,,,3.4803822492974748,64.17800427832825,,314952220.5,2.3026976162002293,63.26152019364537,
France,33.3821756890444,100.26333333333334,25.333294636220273,2.1436095424098576,2.0851043414967876,31371.064565110366,2.344363595315746,23308.333333333332,22.830268643876163,8.691441398258599,21.575463210516833,9.594658288755486,55.595,,39259414.166666664,0.44183118633122137,24.64233333333333,26.11583333333333
French Polynesia,0.8271108151380763,87.32,4.07089425811463,-20.56140469539891,0.19654103070659745,21459.595327442043,-0.6742766447213384,,,,,,59.282999999999994,7.85617963748375,151270.66666666666,1.620202360260775,43.71783333333334,
Gabon,1.2613032172934373,68.45333333333333,59.90088124905086,22.343424905543202,-0.12565134972796344,8425.751348611006,-1.3613301093934709,12405.0,48.95519500919206,0.5603575299783637,51.59905260777449,3.6767830542239484,50.1715,1.5539667857111439,637863.3333333334,2.530669881421202,23.128666666666664,
"Gambia, The",20.65217391304348,86.10166666666669,24.00135554050067,-5.5294172840675735,3.023940027173341,635.7501407698081,0.9023579023342828,1535.0,1.4775585988965807,,16.272921671427028,32.468141947133056,57.8165,5.170548325739211,676289.6666666666,2.928689572515849,54.389833333333335,
Georgia,11.30138629059337,161.46833333333333,18.824519603587778,-19.793999639245865,5.372207156414807,1349.2293149298482,8.415640653275828,2621.6666666666665,-4.008522896729081,,21.857545768589333,21.024831577454552,65.96683333333334,7.403820765000291,2789908.6666666665,-2.8451682217709764,46.760333333333335,22.845
Germany,33.906662808051756,91.64166666666667,25.738064580737216,0.6916630276453305,3.3171021622600776,32790.14540914798,1.6661746726500486,25083.333333333332,24.604216748566696,8.222658775401733,28.492236595169828,4.267397723197959,57.665,,55935784.833333336,0.15748374231459167,25.554833333333335,9.332166666666668
Ghana,15.30100136239782,47.26333333333333,33.96181122883411,-14.306869847664478,2.2149333437665426,978.520030413932,1.825051973261374,2103.3333333333335,8.049153870080746,,24.93576377979753,7.606748248187434,75.44416666666667,9.544834799912744,9877080.833333334,2.3875382604800817,57.963166666666666,16.726
Gibraltar,,,,,,,,,,,,,,,18179.333333333332,0.27807198654471404,0.0,
Greece,21.602017067494177,110.38833333333332,17.36759153276475,-8.921466771361152,0.38050183678067917,17242.704512710414,2.916352110302995,,14.9814061414445,13.357880282337945,18.748216034155714,28.800614096944503,52.03766666666667,,7289257.333333333,0.457976669610949,27.582166666666666,31.640500000000003
Greenland,,,,,,28443.521893618876,3.610257878589529,,,,,,,,38046.166666666664,0.208895602454277,18.72416666666667,
Grenada,2.941176470588235,114.98,,,7.622573304213123,5791.545231189074,5.144668112593952,5785.0,,,16.583679078583994,51.24520115084291,,2.710235256206665,60750.5,0.6740200992935561,64.9175,30.81
Guam,3.703703703703703,,,,,,,,,,,,69.059,,100551.0,1.3366204261052268,7.3894999999999955,
Guatemala,13.97334204305089,46.855,18.732805749176705,-6.961750031504966,2.075537509917997,3076.190218399734,1.6544017702820781,4338.333333333333,8.706805547368296,8.580124745128929,19.87110685274092,9.515356986934522,62.81733333333333,1.362751304069013,5691233.5,2.3965294143757614,55.508,
Guinea,11.13665961256715,54.278333333333336,21.220848674496548,-4.3857807506881015,0.6256654637888241,599.7564674586544,1.6682634268633716,1101.6666666666667,16.073139758088537,,29.615349108584056,0.7287880396311167,64.2345,8.737998892565017,4068262.5,2.3004797590084536,69.81933333333332,
Guinea-Bissau,9.838786154575628,58.91333333333333,17.378178093292643,-19.06165095065633,1.2201040374749663,644.4038612411523,-1.882115793414182,1103.3333333333333,-2.068558746304456,,12.680458293955668,,57.220666666666666,44.70490129830096,595642.5,2.0312986138467433,64.69616666666666,
Guyana,2.06248412496825,76.73833333333333,98.6688571811463,-10.240700853646116,8.240934772666057,3688.3891809904185,2.9630869302067353,5318.333333333333,18.870561487734996,,21.040612936282127,15.127168642487863,58.15566666666667,15.159706755760082,452437.5,0.2100213150882558,71.08483333333334,
Haiti,31.44654088050314,58.865,10.07021682463748,-16.62423901921314,0.2882498647255628,1326.160324422873,1.8582385822665775,2115.0,6.838529844157443,24.428942960634135,31.397151295896297,33.93169774590502,63.92933333333334,10.0242135661604,4408751.666666667,1.8406429196184,65.90616666666666,17.9
Heavily indebted poor countries (HIPC),6.571018821718475,,21.599794038619986,-8.469040551221399,2.0558800161574995,719.8753147335083,1.453752351749337,1180.3830835505364,10.806110603721066,15.368990489738216,20.77154775431681,9.766368023159092,71.09842914969774,9.435953025794133,227366370.66666666,2.8124677992313685,72.03340634248951,
High income,10.544099440421805,,21.767258376041585,0.40479420847855724,2.507865830821244,31296.907391611192,2.6589216729880696,24611.681802727475,24.453965259294858,8.733807562220756,26.665085946364748,7.596051988209971,60.37155708263987,0.006603584355608128,727434095.6666666,0.6495142791731491,24.393877109124347,15.452129920212682
Honduras,13.07236273721214,64.21,54.149144017630455,-8.25451379002802,2.4866959761057923,1729.9360843210231,1.0102877018868146,2308.3333333333335,20.081353957542834,3.4311525505988123,30.3570364592629,7.580336740462012,65.70533333333333,6.605924735701766,3318944.0,2.724215324293935,55.802666666666674,
"Hong Kong SAR, China",5.07936507936508,153.26333333333332,118.75322487607663,0.13112606368143398,13.64480182098957,25805.155921823298,0.9854631701789197,26140.0,30.440629412553367,5.671189020163176,12.082383489806736,3.879778861023501,61.585333333333345,0.010243510690228776,4623006.833333333,1.6537970207410264,0.0,8.092
Hungary,53.22164384568246,84.68166666666666,50.734736717079194,-1.0951778672650876,7.602433971818744,8189.122677259737,2.9154837496626507,9675.0,25.268368957178193,17.523227615215365,26.944950275508987,15.109733797413222,48.474,,6974025.666666667,-0.21469256736776435,35.10766666666667,15.765499999999998
IBRD only,10.88275018014,,22.636617105408117,0.15579844088193498,2.6117477425033857,2531.065108173771,3.1579573742356857,3925.913328591761,25.16573419453241,,33.812669634564365,8.96886271571126,65.40178029737416,0.3651227802153283,2440562642.3333335,1.3405284606118595,57.634289194044925,
Iceland,1.313383208645054,70.59833333333334,34.11454361537556,-1.8894674274850096,1.2034089903209728,38261.90899002212,4.294767516513028,26730.0,20.6255339051649,9.699417563379344,23.15951770867451,12.516541360347325,76.59833333333334,,177000.33333333334,0.9251447947220605,7.970666666666671,7.444999999999999
IDA & IBRD total,10.567918128378153,,22.38682853569101,-0.23967241900679306,2.4569810534539807,2182.6167975009007,2.842762202702064,3422.0110991989986,24.830586432300695,,33.03785634916288,9.04579059360616,65.03725321683902,0.6559223513173068,3000796292.3333335,1.5867797891427504,60.703966539985345,
IDA blend,19.340500381010315,,,,0.7592823439153472,1267.8687060594516,0.18243021133455053,,,1.0161055990339989,27.927708010324256,9.613686252146357,58.363873256209054,,184684133.5,2.680497425315051,66.99390967123753,
IDA only,7.5999719704472986,,27.614425132235795,-7.090605738507414,1.1637165441326716,721.023321888846,2.193419973101458,1243.9742140495405,6.8088583463558265,,22.77912311522081,11.581958755919866,65.88071821654789,5.458937275178161,375549516.5,2.4148099680636954,74.51103736305198,
IDA total,9.66879840233762,,24.275767693897603,-1.8026467172719833,0.9642452722596769,902.212630516986,1.2527604833197472,1602.9415337111934,10.169416280552932,7.690963970921618,25.651207524602764,10.206250143609818,63.39758102712469,3.658604403521915,560233650.0,2.502768804900718,72.01457218281185,
India,54.25435306858964,63.97833333333333,11.231270788084407,-1.3428441702460887,0.6559697233171695,687.5617973604263,4.335355707483314,1808.3333333333333,24.723698118080492,11.885731594752736,27.582878355926994,6.003500853166493,55.916,0.3976655500814643,604323826.1666666,1.9036074073510567,72.86466666666666,8.064
Indonesia,10.300726717411264,59.19333333333333,34.909255400362845,4.35448185619196,0.4499617760452379,1914.9357622538998,0.6358553605542477,4438.333333333333,28.32334851971409,3.748056845301528,43.35708085586277,,66.9925,0.9364965146933008,130870101.5,1.5613563284785166,60.98266666666667,17.5606
"Iran, Islamic Rep.",10.139103776287891,69.18,18.7652939143645,2.799590590750014,0.02897369794559022,3750.3697864235,1.8234776003422415,9950.0,35.74132822122631,4.0927995821789835,38.417125595339925,1.975452205702344,43.64700000000001,0.1529774156440399,37165869.333333336,1.47700831469104,37.812666666666665,
Iraq,10.28877152068043,122.39999999999998,49.18319895955844,14.677995657410078,0.005552283817799071,2919.993761415202,13.529302551832933,7113.333333333333,62.19569382116132,,72.14155323630888,,42.24816666666666,1.3367396312052815,12042106.5,3.2643202717794844,31.48266666666667,
Ireland,6.353365268302125,97.88166666666666,81.7875795995949,11.935357135052241,10.325761702135537,34588.79885362047,8.400709960677325,21503.333333333332,34.411648648180055,17.995819125808488,30.181227283063276,,59.39166666666667,,2437167.5,0.9683666993341452,41.455000000000005,13.252333333333333
Isle of Man,32.63157894736842,,,,,38284.73470989023,7.742997302608001,,,,,,,,47343.0,1.0158427708597646,48.19650000000001,7.55
Israel,15.580714725816387,93.35166666666667,28.836150386113385,-3.987530401184486,2.446133494348363,27354.144044609424,2.550787782611309,21880.0,23.164869132008917,8.126920893136976,23.588038352757405,11.642913896687405,61.19166666666666,1.1571522881354095,3632755.0,2.5431387387536133,8.961,15.742166666666664
Italy,28.433179468312545,113.44833333333332,24.236398063552077,2.9276499044675575,0.4817679807857675,30545.463941380178,2.1716312638032114,24355.0,22.88286544214883,7.21069762165926,25.343848941011903,10.225449470815162,47.68,,38684946.0,0.028916402008079902,32.928,33.4905
Jamaica,13.71191135734072,118.28833333333334,42.22910012262628,-7.638569687492681,3.1505321225038774,5023.127386345875,-0.7204150280052678,6070.0,16.334046965112915,,24.290648686418063,39.56554366765385,68.23016666666668,0.648415984643069,1520238.3333333333,0.8375210324426541,48.785333333333334,33.19
Japan,12.488216787926262,118.25500000000001,9.859791743136674,1.199803601961595,0.10842823334114897,30892.585526909435,1.0950788609677222,25811.666666666668,31.246405610993136,5.288459178745235,33.54899981026867,1.2484183692152215,63.20666666666667,,86661440.33333333,0.22022294765829767,21.66616666666667,7.608499999999999
Jordan,2.2457691145361136,46.37833333333333,47.2968327257307,-22.11143547208442,3.6755706325847535,3535.450757392296,0.8574820281891414,5480.0,3.705485304472308,,21.86233939145285,28.460479548271753,39.461166666666664,6.676878297948199,2708543.8333333335,2.78476096204842,21.761333333333337,
Kazakhstan,12.016538874689779,44.0,39.761374685105174,-0.41701025706848105,6.366653112210588,3959.3364796072697,2.115202405299724,6441.666666666667,18.372644407330878,-1.3499999999861576,30.20816092924136,4.525652428698485,71.30283333333334,0.7502066496120259,9775193.666666666,-1.3566027599894133,44.0105,
Kenya,8.664534795188063,58.49166666666667,23.844709614643435,-7.89616919064898,0.551202085904838,1217.6473503788152,-0.25979909807349816,1841.6666666666667,8.384529090386641,5.830885494790181,15.224712746379936,24.107945915018746,72.53366666666666,4.403087360877574,14708904.833333334,2.7660242415458236,80.93266666666666,
Kiribati,2.4691358024691357,55.35166666666667,17.169790837995183,-75.20096407204434,0.7760617351770175,1424.0317208666409,0.7211402607321679,2231.6666666666665,,,9.50309603431243,,,15.549592402248265,47230.0,1.6893033052026787,60.469500000000004,
"Korea, Dem. People's Rep.",19.239819505578165,84.35333333333334,,,,,,,,,,,74.77683333333333,,15614662.666666666,0.9252214935340694,40.78466666666666,
"Korea, Rep.",17.926256133803303,110.16666666666667,30.82306852087881,2.1467339483922583,1.1983863079317405,14954.349064816493,5.597121319097674,15590.0,36.65713324117462,10.17301960857442,35.34420761843171,4.573726205569552,61.55666666666667,-0.013414937229242052,33025168.333333332,0.8609224267165269,21.00733333333333,10.007
Kosovo,,,,,,,,,,,,,,,1165602.5,-2.6836300561917965,,25.175
Kuwait,0.37411148522259635,29.69333333333333,50.626845468326906,10.390091293184222,0.2839308669640513,32470.46095241743,-0.3433256883168407,69223.33333333333,24.91915735548248,,,2.5552041092296,66.59716666666667,0.013190899594508592,1216863.5,2.744762626684871,1.4141666666666666,
Kyrgyz Republic,7.086374695863746,64.43666666666667,36.50437081496043,-14.780740727439934,3.8550977670893,660.174340588322,2.3934208108823305,1573.3333333333333,5.0022654129301545,,21.54716661490919,2.97002144693058,65.49399999999999,13.73184976211609,2723653.8333333335,1.3580214360614935,64.283,
Lao PDR,3.729780473714616,23.8,28.800846868561038,-12.837291022726454,5.0163373312485255,831.2129987296962,4.1795289779624865,1528.3333333333333,5.902363791064477,,20.201204265485284,18.220140405857713,64.33283333333334,15.044753962840467,2760259.6666666665,2.0304235667247448,80.37683333333332,
Late-demographic dividend,9.095745586622197,,26.912106746418832,1.3001490264731022,3.428057972388366,3096.713546727038,4.147513646993938,4093.8937374503907,27.169011789049083,,35.41240567539648,9.934565789135089,72.30395671193622,0.28996112474396135,1331350703.6666667,0.9220986143511402,56.17363213942684,
Latin America & Caribbean,6.3060217712780995,,17.595033674042018,-1.2989648700948202,3.0402903258373857,6652.768427386453,1.2992029276786876,7958.862291427834,18.99873251218594,7.762575321807375,28.2157435565412,8.68778921844143,62.56194279607467,0.26726085765970153,307916292.5,1.5881138364333154,25.64649441409826,13.91364564962385
Latin America & Caribbean (excluding high income),6.6580042334979295,,14.902359243687506,-1.9763224180240195,2.823006292316037,6374.446719376818,1.1367261503023656,7795.0847991382425,18.00000511359158,7.720927884182331,27.218801692703412,8.368226003606257,62.870792921422826,0.28431687444851467,275887206.8333333,1.5943876901251481,26.694845833897915,13.846624366893401
Latin America & the Caribbean (IDA & IBRD countries),6.163299105105131,,16.385941065264927,-1.553624594097177,3.0404190114397616,6535.377647478484,1.2004113508157843,7953.260155730358,18.855562614674323,7.760764628631141,28.035085961270358,7.897336380139286,62.9749536083055,0.21966681389963086,297219660.1666667,1.625279951029886,25.79801684387199,13.98858196051578
Latvia,16.490698035686545,54.105,37.62139095604068,-8.774111842813106,5.150633453153572,5817.795931693269,6.263178625852467,6738.333333333333,12.554266781877537,9.100334296476888,25.901159516200295,6.9148006681669365,58.727833333333336,,1612991.8333333333,-1.0449606241375031,31.543666666666667,23.93466666666667
Least developed countries: UN classification,6.985021130401222,,21.36963584965453,-8.380248102301882,1.6517254579147471,644.0619448985611,2.378448763128842,1146.2526654736564,8.44223683025419,,22.600968681131874,10.079031169235838,66.93698104817071,7.1838616482907485,331240064.0,2.499583111045984,75.83695536442379,
Lebanon,16.177908113391982,107.78666666666668,13.364951938245317,-33.09763978661747,4.942659104708757,5949.001631115622,2.0662201481970115,7761.666666666667,-4.412803529307819,-0.5631625038398317,21.948535323717365,,43.82783333333333,1.5118400852594454,2555211.5,1.7578679896036233,14.487333333333334,
Lesotho,10.688405797101447,116.25666666666667,,,2.9799241208276452,691.5390727816035,2.3075857309820456,1526.6666666666667,,14.71703675628558,31.788066474513567,12.677618042709849,73.07983333333334,5.7681240465080625,1094411.6666666667,0.7503772434138999,81.71683333333333,33.54
Liberia,3.8932724252491693,68.14666666666666,,,2.379862700228833,763.4268725287566,,860.0,,,4.247151029748284,,77.27133333333335,8.726378225335917,1367195.8333333333,5.153291805158072,55.967833333333324,
Libya,1.0770807521662857,85.55666666666667,25.9605783286831,6.403696668381669,-0.23753193365544797,11075.017950625632,1.732474526825456,,23.04210748796366,,,0.29806523041874367,47.06666666666666,,3029947.3333333335,1.74887903179374,23.83,
Liechtenstein,25.0,,,,799.3339427334205,,5.460724935728422,,,,,,,,22732.5,1.355127715100095,84.16466666666668,
Lithuania,46.0832801531589,67.24000000000001,39.038154838707705,-9.597578820589783,3.8233830078596456,5770.967188154932,5.464214557229741,7116.666666666667,12.592058742924378,11.434212901384067,27.017458797104737,9.52663614727791,61.6915,,2353680.3333333335,-0.734202110862109,32.86433333333334,26.420666666666666
Low & middle income,10.572849622133896,,21.997162938374725,-0.20263744345899207,2.3212098932468668,2086.8298609366816,2.834196506336182,3288.170405550438,24.941301575682132,,33.00486695639413,8.788890073497612,65.16791235874267,0.9169753195104385,2952104792.5,1.6061722792471234,61.18916643106826,
Low income,6.7751455575410064,,30.82976618439189,-6.188308414701502,0.6432842740518475,658.346860491293,1.7541009026063108,888.6348152379187,7.562826963517047,11.421967947939926,24.216828401879116,,69.2134064769261,5.709521384417328,184762506.0,2.8173064645616983,73.36279969598797,
Lower middle income,16.457867438303378,,20.286826057225372,-2.1413693664376656,1.1959693079898315,1082.8264485985746,2.3648469447444165,2437.376350062454,22.313172282955477,5.5019483754606995,29.7348885764777,9.819507634736624,57.68711981374307,1.614074437032383,1251117310.5,1.9731944877611884,67.64112441235329,
Luxembourg,24.082720259782633,112.82,122.32655643706478,20.290620894216605,,81699.8255306161,3.623567592666911,42213.333333333336,41.9602467113085,12.583523944494504,18.23879802271117,,51.67833333333332,,284192.6666666667,1.326327328679705,16.824333333333335,7.216333333333334
"Macao SAR, China",,72.04,76.92459370776284,24.54378425142328,0.0024439735653065306,32847.08823632135,-1.505428421034317,32798.333333333336,42.3507696839258,0.6208592589681032,12.120969489576117,,65.13083333333333,-0.007018408602903041,281855.1666666667,1.7528959956463368,0.01833333333333324,9.0528
Madagascar,4.986759294287581,70.38833333333334,18.005560969528954,-3.8496149303065734,0.7203700458077451,462.83650475613223,0.24169559933168236,1143.3333333333333,6.986946958717926,7.070230141575135,,16.981091465119366,86.38566666666667,10.504602639144553,7817841.166666667,3.134638501971114,73.54416666666667,
Malawi,26.870315372648847,35.830000000000005,,,0.8169057899188831,412.7534216153137,4.301872884264578,920.0,,,19.833376455150475,5.888705145444693,80.584,16.277093044813828,5426651.833333333,1.7142547920648248,85.93166666666667,
Malaysia,2.689747882108253,65.33333333333333,105.96993288652062,10.770664925782553,4.473245938593354,6169.901750548761,3.0448670177946937,11238.333333333334,44.773420839510685,8.432032286069878,44.69316147843772,5.208804624629278,61.29333333333333,-0.008732907172955398,13272770.833333334,2.6358927113558015,41.1485,
Maldives,10.0,144.03833333333333,,,2.3204969591082807,6360.372333607441,4.848946460232841,7023.333333333333,,,,,53.05700000000001,6.377709524749523,144671.83333333334,1.8912823401758834,73.39666666666666,3.16
Mali,3.545212904001289,38.66166666666667,21.040439410007338,-11.486359960604375,1.8530468488925331,538.787281558842,1.829911655079627,1011.6666666666666,7.941877584170997,7.415361271321134,18.738180860839684,5.150157487933564,70.23583333333333,14.476667728604076,5249519.0,2.4342921156439066,73.187,
Malta,27.604166666666668,114.32499999999999,115.38223094784274,-6.737457040069245,11.037065680144531,13983.186459819146,6.770398732581768,14476.666666666666,18.803212404874188,,25.98949586549468,26.123072398403064,49.9115,0.7326463175326504,258184.5,0.6664207517587085,8.355833333333335,11.844
Marshall Islands,2.777777777777778,109.125,24.46732426606681,-63.59974095034292,0.640672749734498,3002.357417459892,-2.912885975038025,2988.3333333333335,,,12.312794951302733,,,35.46972795566415,26858.5,1.405095673091629,32.41416666666667,
Mauritania,0.43659648782380905,62.27,31.097900175634326,1.200680528882175,0.5290090932709735,1351.4786404977074,-0.2045796391227365,3045.0,7.552922606845588,8.043458974754387,29.029703758624773,,46.120000000000005,11.176907355897944,1331251.8333333333,2.5317854666416766,61.602,
Mauritius,44.58128078817734,124.58333333333333,62.38098014446854,-2.0056646406025602,1.6227187610155867,5082.7838944234245,4.2837683595384775,7830.0,24.346821857646916,4.693768371396142,27.223620107307216,26.60280695491795,58.873,0.7422979709561676,779512.1666666666,1.0733569924221584,57.022999999999996,23.77
Mexico,11.72149489441601,69.535,23.61906885600827,-0.07520791170200392,2.3427423540928918,8922.4179025268,1.8225264472367801,10223.333333333334,23.220829478793586,11.899026229846315,34.19980509029411,7.923609412000996,59.951666666666675,0.035771620601877975,56328822.833333336,1.7128631573900686,25.947333333333336,7.257666666666666
"Micronesia, Fed. Sts.",3.5714285714285707,68.765,17.971514573208104,-61.776960785639,,2699.167363486742,0.694098237420261,2281.6666666666665,,,7.612097962061315,,,40.171779845283034,61007.0,0.43302685597453516,76.36283333333333,
Middle East & North Africa,4.983711788590729,,33.29500308390331,2.3337916017923637,0.9013591180542377,5314.3649820568,1.9794732890815847,10323.575540075064,26.157444346250728,,40.57103719224194,13.256028806319929,47.158069971571884,0.6985683916432338,176353362.83333334,2.12989973515545,42.42527001541417,
Middle East & North Africa (excluding high income),6.0017067217032976,,26.603944820019947,-1.11013076053579,0.7318856610600794,2890.2309300356524,3.040747017784973,6264.762887123189,25.52715445722895,3.580173895072941,34.400862354862205,14.357611834929648,45.82727560567855,1.226691322575507,154734691.33333334,2.0357808878619132,45.59767030717391,
Middle East & North Africa (IDA & IBRD countries),5.99735430134415,,26.677804741118894,-0.6534234195280657,0.7032482465263801,2895.369490827385,3.0489143287198623,6298.232393997555,25.898016990198002,3.5291254684008706,34.47274878928517,14.144224410096877,45.87505755547716,1.0650179897608216,153388806.5,2.020551464090822,45.76849988785049,
Middle income,11.270837077297827,,21.91930542031673,-0.04637251772335086,2.363851802171077,2202.5163733082286,2.928556446785336,3482.130368000393,25.18275818321464,,33.24158616154535,8.781044183793297,64.9052313199078,0.5842794884057371,2767342286.5,1.5105626779474288,60.21442071519027,
Moldova,54.61112497424019,95.13166666666666,52.598736923107936,-19.02060658495599,4.479269799158199,1402.892603706804,-2.213997607094521,3098.0,5.252600165934499,5.136769026475951,23.524554989090262,8.086813415279376,57.47466666666666,5.88795921470789,1939292.0,-0.2427920127112322,54.455666666666666,15.897
Monaco,,,,,,112769.72810432293,2.0488185586641356,,,,,,,,20697.5,0.6341202397624146,0.0,6.91
Mongolia,0.8162951025990705,38.96333333333334,46.78845824020126,-6.681140608420935,2.208709799583979,1499.9775026383452,2.2647483374244026,3346.6666666666665,26.729182560329125,,25.354763888753265,6.431540784328927,60.74316666666666,14.536944248489704,1419969.3333333333,1.0487017886616337,43.21600000000001,
Montenegro,,,36.8149918504193,-14.295218443481694,,4483.6088320660865,-0.21726711829143142,6310.0,8.093185786981136,,21.2590046532839,,49.65533333333334,,405648.5,-0.1764601302078083,44.037,
Morocco,20.022033012174173,57.84999999999999,22.717874290654056,-4.172962318797889,1.3142952338606013,1862.8649495442717,1.3271688448022587,3516.6666666666665,25.26303065557354,5.964494816193127,25.042580194246018,22.81690843066538,51.28783333333333,1.30362300238728,16612977.333333334,1.4332159606482966,47.486,27.755000000000003
Mozambique,4.906448960214315,65.59833333333334,,,2.8739144068947886,261.399057588714,4.842683893204374,383.3333333333333,,,18.64378399865045,,83.68333333333335,22.219019077278173,8870453.0,2.920045139761625,71.53283333333333,
Myanmar,14.739470167600045,53.73666666666666,,,4.870190512352387,244.46661213965277,6.961060114726649,745.0,,,9.692261135861278,12.379973366295564,73.67533333333333,1.3998883733992862,27477584.833333332,1.2148408339011498,73.42666666666666,
Namibia,0.9911452829501147,57.37833333333334,42.71264599045181,-6.4595600037710215,3.0122215698559214,3006.259721669527,0.9412814281686769,4825.0,15.664145008400924,5.352540720829907,22.042441521811593,9.775598188531315,53.97366666666667,4.403084992790558,940585.8333333334,2.5778885955513133,68.91483333333333,
Nauru,,80.07333333333334,,,,,,,,,,,,,6006.666666666667,0.16625644296775258,0.0,
Nepal,16.395399217687324,54.585,23.845516036024907,-10.137466851134176,0.20295479179794187,509.23292910935,2.519153465399922,1180.0,14.42637525850457,,21.07000274137301,19.627928110334867,41.3165,6.686349855350364,12961994.5,1.9904930629850686,87.89049999999999,2.98
Netherlands,28.541172985781987,90.43333333333332,60.04133756950258,6.187975245237137,6.990756876294694,36914.66425859984,3.5391790079536776,26961.666666666668,28.83187015087381,9.29477741330823,22.70523908065309,4.86081352543278,61.258333333333326,,10672282.333333334,0.5778323671295498,25.1705,9.114833333333333
New Caledonia,0.38293216630196936,69.80666666666667,17.38646797299278,-14.932785330365988,-1.187886291274157,,-0.6117983065067634,,3.9754595705053712,,20.70971343759707,,65.767,10.943699145480247,131390.83333333334,1.9679560355763617,38.95366666666666,
New Zealand,1.5165046269922653,73.065,30.3959917995233,1.610073136458275,2.4885743936215357,29172.08572581034,2.166109839562066,18308.333333333332,24.244589508708003,4.5096345764021235,24.509124679346442,12.202763772375688,65.19166666666666,,2476736.5,1.059952085411439,14.190499999999998,13.471333333333334
Nicaragua,14.704171514043543,59.04333333333333,18.389145910955676,-18.45137824487251,4.40625024615401,1320.0158379037023,3.4007899180313808,2301.6666666666665,8.222219236536832,12.092885438831471,19.864207445108608,10.937586113576483,59.13683333333333,13.37529102346143,2712940.6666666665,1.704182540027278,45.18866666666667,
Niger,11.038920028420305,32.108333333333334,14.056213225612382,-6.154171166817588,0.33057013635675236,406.6343125390901,-1.2810939335012275,778.3333333333334,7.062352795715339,2.302987925448439,19.57642646233341,7.695608900797579,78.99716666666667,10.486550890609857,5437323.166666667,3.3728042725689495,84.021,
Nigeria,37.184653278727524,61.43666666666667,,,0.7042463647003138,1447.950373065889,-0.036317462105789865,,,,33.52065915613323,1.418321432536688,60.348333333333336,,61432647.833333336,2.5447549484209784,66.48433333333332,
North America,12.065616022426378,,12.680391379481854,-1.5822263966620422,2.206954720541526,44120.542311134515,2.8429024468443274,31704.018095097115,20.82909437206762,10.492721871997317,23.05413517099334,9.859541725095271,65.62027409541417,-3.6241672131440796e-05,201210672.66666666,1.1486349578183048,21.780082951045177,11.271832982627515
North Macedonia,23.233713461790533,78.31666666666666,25.905856075540655,-20.050587656467773,2.164686482261569,3040.7548758508146,1.920995579302146,5351.666666666667,4.147992088462322,10.461245827918168,25.308828238929,4.894457574124653,53.915166666666664,3.905988803741612,1344909.0,0.36497760285358555,40.93183333333333,
Northern Mariana Islands,2.173913043478261,,,,,,,,,,,,,,42505.5,8.660593208732603,10.15033333333333,
Norway,2.5270777890944136,97.62333333333333,39.47352766561223,8.0976302549294,3.1363526675861677,63734.70532402196,3.1522893635367644,28928.333333333332,32.59009289970648,6.204452746424297,30.87907685991267,4.204203839776454,65.63483333333333,,2858705.3333333335,0.5829069560926636,25.1765,14.269166666666669
Not classified,,,,,,,,,,,,,,,,,,
OECD members,11.321754679900303,,19.84642533705172,0.1412469127820947,2.3964807464386646,28610.829351183434,2.5361210188603756,22150.255269043846,24.21325548399989,8.931142961262339,26.22665447049273,7.864995738033855,60.26038994620247,0.0041341561035604345,778871236.8333334,0.7697230340656347,24.997633567901065,14.565364732075986
Oman,0.09585352719439959,62.52,49.25061835451309,10.738882339024961,0.4242600836518568,18877.116872694736,2.3156126700745454,34796.666666666664,30.333080817665575,-3.5210984378156738,49.69971329086494,4.499685489141886,56.52066666666667,1.1129459868868785,1330198.6666666667,1.5686825986649433,28.381,
Other small states,2.015127026638354,,62.29565803981607,2.7962471298435303,4.653850448245698,7398.1369144877945,,10391.834300428614,27.87892098732098,,,19.603068566336184,59.36702837018422,1.6630595872530922,11848467.166666666,1.835181382950881,51.19337693409181,
Pacific island small states,3.099246557547415,,46.04913417765724,-14.186506139958425,-0.10133935350505048,3178.0565545121267,0.44122670548630794,3575.562139095253,9.398307975234312,,16.61324882895705,29.909346238298273,65.16404736117474,10.777775455959073,1117011.8333333333,1.4226127770926051,66.14120563552102,
Pakistan,40.06676352566763,72.80166666666666,15.193823543858095,-2.7968202334154264,0.9605058488918962,1044.0713680622823,0.5277514550143844,2398.3333333333335,14.71121548880591,0.0842288597252671,21.035797233448225,5.764140142991329,49.71,1.0082782921590532,75778026.16666667,2.9606820412171952,67.56233333333334,10.68
Palau,0.6521739130434784,,,,2.1720447717835234,11392.035999966658,,10750.0,,,14.151916471573337,,,23.934537584572286,12488.166666666666,2.7057664449447394,29.075333333333337,14.281
Panama,6.967984934086629,105.62166666666667,66.93991726693547,-12.820071719444757,7.7098815462541594,6614.8758418941725,2.3051021357288826,7578.333333333333,25.18089437871015,,21.921890979120978,6.246562125127866,61.41816666666666,0.39680952558524996,1768008.6666666667,2.005707638122547,39.798833333333334,
Papua New Guinea,0.43906137290406155,68.26,58.82320507637224,9.972930027706333,4.451427066701339,2253.9548744983153,-4.113560580909163,2270.0,30.291154356580552,4.763516807071428,33.7413757724822,,71.93166666666667,8.13058890514129,2878203.0,3.5495133847315383,86.36099999999999,5.27
Paraguay,6.9720614145482,40.145,50.624830510627,5.443003814436923,1.7783536671406388,4325.829268972157,-0.6896130270520331,6445.0,26.024737211136138,-5.032660166526116,33.006411177124,2.706374445118223,69.87616666666666,0.9697725581939625,2719589.8333333335,2.181123841179005,46.26716666666666,10.0305
Peru,3.4629296875000004,52.07666666666666,14.376971500428448,-4.204023381319524,3.8583125042934907,3234.932406681628,1.6082844600229127,4611.666666666667,18.23089004422653,5.0268716220173415,28.904896308799852,11.025644437427795,65.6195,0.7895235418502056,15274760.166666666,1.7599949959193033,27.997500000000002,9.9288
Philippines,17.305004974790666,69.47666666666667,34.913525865571515,-3.6407101454275836,1.938409398673001,1790.1714971092103,1.3894765378387248,3481.6666666666665,17.06373003866916,7.338406761646493,35.06640921796815,6.3868246825241615,61.47,0.7480068345921898,42691951.833333336,2.363692378912895,53.652499999999996,
Poland,45.89441379085181,106.29333333333335,24.262101174917422,-3.3990197804878584,3.6487163277242467,6480.234270183323,5.716194090348037,9116.666666666666,19.956767506966866,16.759420325893124,31.20506011800282,19.180596508508703,57.26383333333334,,25923470.0,-0.12327237736638251,38.39516666666666,28.1755
Portugal,20.580637522768672,92.51666666666667,27.081760674493477,-8.674387879715487,2.6342536684896234,17277.40315666201,3.610525280823841,16361.666666666666,18.20016128320503,8.800347511321052,25.105960987019525,17.688905522140548,59.275000000000006,,6827304.666666667,0.49042339329168844,47.244166666666665,12.336500000000001
Post-demographic dividend,12.13219209605902,,20.732517646345055,0.25360056514275797,2.485729673412562,31829.4000225968,2.715256610770043,24021.42564258397,24.378246931927844,8.513566357532016,25.883971630195436,7.525870261241469,60.24599475673818,0.004382667518048142,677840340.0,0.5133860038282757,24.10041068766331,14.738626349688424
Pre-demographic dividend,7.66766560977405,,23.288705678514294,1.0343285847042656,1.341890739363892,1056.375610898265,2.457407318658428,,,,33.96952833651152,7.644549460807677,66.90005542536673,,266738059.66666666,2.8108008015729737,68.77624663767948,
Puerto Rico,5.050732807215333,116.25,55.79773837476489,12.728784837454652,,23815.821323175216,3.574310185531514,13348.333333333334,26.44045975199229,,43.61223304165119,,46.916666666666664,,2427641.0,0.7211644089489231,5.921499999999999,24.901666666666667
Qatar,1.119724375538329,79.43833333333333,52.460832956326044,17.917004748443393,2.3849934633360497,52157.763347549546,,81720.0,47.46543043557739,,,,81.34116666666667,0.04465660827777666,422175.8333333333,4.245480158568918,4.280499999999996,
Romania,40.69722276299935,84.85333333333334,25.258477054564295,-6.251651431022491,2.6327910809449153,4559.6423474460935,1.104742038539733,5570.0,13.983651591144985,6.676352808687308,33.84257552694431,5.082564835598734,65.40333333333332,,15273297.0,-0.21195752187073136,46.613166666666665,18.401666666666667
Russian Federation,7.696629384131403,63.578333333333326,33.09890938343344,8.927523847472953,1.0157722122639063,4828.067464192708,0.9800088344511266,5691.666666666667,29.316346782736503,3.297541229121402,34.32238745718523,,60.254333333333335,,99980168.83333333,-0.2046368814444652,26.639166666666668,22.230166666666673
Rwanda,33.346845020943114,67.25,5.892321019591102,-18.261894106653752,0.2140262079479576,307.4878676518773,11.814051194748993,533.3333333333334,-4.818119012199231,12.136970223970541,17.76162446219332,,61.53666666666666,25.136408668025187,3624657.3333333335,3.1020909731542368,87.34816666666666,0.74
Samoa,5.789163722025912,98.99166666666667,,,1.5603379350478448,2753.7280693828748,2.941791021933239,,,,26.340421760335705,51.702376186341816,55.608666666666664,,98762.16666666667,1.0178222417934228,78.24900000000001,
San Marino,16.66666666666666,,,,,52903.83282901911,4.586552614428196,,,,,,,,17968.166666666668,1.4859843146570668,7.421833333333335,
Sao Tome and Principe,5.208333333333333,96.60499999999998,,,,,,,,,,51.10429397062624,55.222833333333334,,71396.83333333333,1.5863460743717266,48.971166666666676,
Saudi Arabia,1.687297548328674,111.5166666666667,37.3705790533406,11.57704788459239,0.20952123355077804,17417.025226716312,-1.2121760514792637,37688.333333333336,31.81285566918721,,49.00692715625875,,50.395999999999994,0.009605785975488293,12188805.166666666,2.6611728763822016,20.737666666666666,
Senegal,16.141207430876573,60.620000000000005,18.7378883905558,-11.274754094732145,1.4293872990396865,1018.8539788868094,1.986086302555563,1806.6666666666667,8.755123640414963,2.308319036026982,23.706108369952712,12.323178527033086,50.60033333333333,8.309350645274689,4771286.666666667,2.3719105471561353,60.03716666666667,
Serbia,,,11.359665475362954,-5.267529332082588,,3068.641149451221,2.997357432750442,5817.5,6.18720612161849,16.32428043737165,32.93587469373612,,56.363333333333344,5.269337203003067,5239552.666666667,-0.4771449390520235,47.78999999999999,
Seychelles,2.173913043478261,136.375,29.082191461605728,-32.95825594942412,7.175512435063616,11037.452134318999,3.6665709747650865,12618.333333333334,24.83571709902357,7.760788428877622,36.60060039348741,53.46642617780014,,3.155223393789075,49788.0,1.487226647998959,49.996,
Sierra Leone,6.723930913457097,35.24,15.876277166371315,-9.833214214362874,1.2246252987330888,401.7243306965113,-1.9582113314726897,631.6666666666666,-6.342203814571593,13.52185435290239,29.046972428919275,23.80704736953582,64.71483333333333,19.60729705094639,2339163.0,1.0083360520297548,64.97416666666668,
Singapore,1.4925373134328357,34.349999999999994,176.3240688508172,16.4542257203878,14.350658378950554,32175.78407543004,3.080728834499707,39001.666666666664,50.062110645683106,10.858815165418795,31.58492308835254,3.7152445586075036,65.36466666666666,0.018836013767754962,2820056.6666666665,2.7313295181135993,0.0,7.949999999999999
Sint Maarten (Dutch part),,,,,,,,,,,,,,,22081.166666666668,-0.6511788713118748,0.0,
Slovak Republic,32.13444213444213,93.27999999999999,50.316357618718996,-7.084002798751506,2.258618294958166,8430.569170502638,3.7819134510529246,10165.0,23.472475434125744,6.402011174409637,28.197816136306795,4.574714205452774,59.67166666666666,,3644561.8333333335,0.13162247765114582,43.61483333333334,27.21766666666667
Slovenia,8.90433631247931,109.16000000000001,46.811307282886055,-2.3875815651092527,0.87230648563225,14714.505600259938,4.11738208972333,15731.666666666666,24.61019327149208,8.4118192980132,30.528139739698076,11.273830207354441,58.03249999999999,0.28477907949365483,1386001.3333333333,-0.004340138158218765,49.31183333333333,17.374
Small states,2.0177184251711933,,57.72284277061332,-0.2285239918225249,4.543846027206789,7262.772954116762,,9656.299590570114,26.943625038295767,,,25.15698892394349,60.68215277165342,1.8994629026417884,16929273.166666668,1.5823067020074315,51.93271237967341,
Solomon Islands,0.45849708229129454,87.79666666666667,39.930792950045834,-7.599161915207833,2.0764687826379875,2179.126969085886,-3.1588541098969167,1766.6666666666667,-7.1279833998844255,-10.087047700253597,,5.193188762306227,83.005,9.7030122299239,214833.83333333334,2.7532295968715848,84.79950000000001,
Somalia,1.6593872541205723,85.695,,,,,,,,,,,34.018499999999996,,3999174.8333333335,3.760541116659438,67.66783333333335,
South Africa,11.282757256262933,79.70833333333333,22.110997797474273,1.4730984231843756,0.9120803427072812,4554.107581648664,1.5088846120689918,7373.333333333333,17.715215345398644,4.979327263846329,29.099034509536093,9.152427324880918,61.669333333333334,0.2990412532929671,26670881.5,1.312561808971792,44.311,53.486
South Asia,44.353205556905635,,12.501677571055792,-2.471222582815751,0.6694897467283204,726.3398864727327,3.5974845685417023,1841.9794225154785,22.16074220691608,8.259086593549654,26.22133463770416,6.129732034295771,55.21018210987995,0.754809098199821,785462417.5,2.043214036721807,73.16800191631147,9.142041383343729
South Asia (IDA & IBRD),44.353205556905635,,12.501677571055788,-2.471222582815752,0.6694897467283204,726.3398864727327,3.5974845685417023,1841.9794225154794,22.16074220691607,8.259086593549654,26.22133463770416,6.12973203429577,55.21018210987995,0.7548090981998209,785462417.5,2.043214036721807,73.16800191631147,9.142041383343729
South Sudan,,,,,,,,,,,,,71.45483333333334,,2846171.0,2.884054309498293,83.813,
Spain,27.8107532540654,84.315,25.257677224811967,-1.0791631392951304,2.811827307491841,21717.627447565435,3.4356382631766635,18440.0,22.831109687324556,11.428174966938547,28.031666243844356,19.848751681331812,51.02833333333333,,27492581.0,0.42388476435424066,23.94066666666667,35.43333333333333
Sri Lanka,14.272045925689682,74.83166666666666,36.308718211577606,-8.47080945895811,1.2587042972534392,1805.062919095845,4.3916996928349645,3820.0,17.96956658625763,7.942273216831609,27.091330754676417,6.681721640719023,56.203333333333326,2.090960051045507,12047247.166666666,0.6929204671565771,81.581,29.46666666666667
St. Kitts and Nevis,25.0,544.1,,,11.27662298648474,12678.993947944326,3.7589818670833566,12440.0,,,21.74529621194935,48.780151284171346,,1.6030314835910413,26974.333333333332,1.3193564669840017,66.75433333333332,
St. Lucia,3.2240437158469946,351.6816666666667,,,6.141586800473366,8904.778606094473,1.1863747732828596,7838.333333333333,,,,69.42144452548462,63.75616666666667,3.5173638570265395,93046.83333333333,0.9612600756589336,71.73183333333334,
St. Martin (French part),,,,,,,,,,,,,,,19477.5,0.12996618946281274,,
St. Vincent and the Grenadines,5.7905982905982905,72.74333333333334,,,16.05244977254618,4730.951245322104,3.5181572184608307,5590.0,,,18.059569931989536,,63.339,6.216464761272314,68441.5,-0.01917248272589311,55.71816666666667,
Sub-Saharan Africa,7.440848279275781,,23.67287517565399,0.6648875661044915,1.2597155146618901,1225.3722321655175,0.8469697463563411,1976.6564405224465,12.669642176099549,8.375696472187416,29.437746218154018,9.066573603915947,69.14090720374656,3.3926564971878186,328024262.3333333,2.639100579701728,69.49034186359465,
Sub-Saharan Africa (excluding high income),7.440950866280353,,23.67606102494092,0.7176653723549832,1.2523452674489688,1224.1471417540904,0.8450316728425449,1975.2128216105175,12.66619189822215,8.381413745639913,29.42588743091902,8.84310956977329,69.14090720374656,3.3879704456352773,327974474.3333333,2.639244018351107,69.49276711992837,
Sub-Saharan Africa (IDA & IBRD countries),7.440848279275781,,23.67287517565398,0.6648875661044839,1.2597155146618901,1225.3722321655175,0.8469697463563506,1976.6564405224447,12.669642176099478,8.375696472187434,29.437746218154007,9.066573603915947,69.14090720374656,3.1287589126081596,328024262.3333333,2.639100579701728,69.49034186359467,
Sudan,6.912317620650954,,7.823238859725485,-5.795955464144481,1.8158874624178474,1741.7814534505217,4.64781728990242,2295.0,9.977378295337921,20.41055279847074,14.824187115536882,0.6396757673413092,50.867333333333335,1.9778519686402103,12692928.666666666,2.449956941001448,67.63666666666667,
Suriname,0.36538461538461536,71.35,,,-3.0218119511771824,6147.64980509253,-0.32934726707544587,7096.666666666667,,,25.097796849603082,,47.273666666666664,7.571116247292639,278558.5,1.9328586245871884,33.73983333333334,26.615999999999996
Sweden,6.748380610417627,91.55166666666666,39.27929492586582,5.58126237239032,8.592300602510063,37358.22797015562,3.473149469471894,25388.333333333332,26.949097133646053,8.59198145603186,26.374753354009485,4.466592567518455,62.58566666666667,,5655200.0,0.17252133053625562,16.054333333333336,17.706166666666665
Switzerland,10.490703800860006,117.72500000000001,45.29256631429373,4.011112062266945,3.724494503517281,69798.4003331368,1.522486823848188,34816.666666666664,31.259398258064383,6.265664306651703,27.1323150213846,8.116952890004422,67.54833333333333,,4792027.666666667,0.44779670958702855,26.481166666666667,5.254
Syrian Arab Republic,25.629375702833098,117.34666666666668,32.37475241214326,-1.2724899611438636,0.21225696913292966,1298.0427487825966,1.581662250404977,,20.104676469571224,-0.4933629290107883,26.99506206202717,,49.83583333333333,0.21815445064251934,8327054.166666667,2.635321360193617,48.9745,
Tajikistan,5.73735352957988,41.24,71.8865663908212,-4.831752089018895,1.6850970220230106,403.9258025269851,-2.9052343801084057,898.3333333333334,21.02393946102081,0.18597897292678786,30.058492569068957,,44.788000000000004,10.403815201399707,3197522.3333333335,1.2951376888567767,72.40633333333335,
Tanzania,9.940731542108827,38.25,15.204578325869065,-8.640944567259485,2.5968922924646143,529.8092041015626,1.5223863660484132,1055.0,10.156875554261937,7.286681265509498,16.420272144587056,32.07143149703534,86.49533333333333,11.189480052121391,16889473.0,2.536483465753775,78.581,
Thailand,34.11758565118388,65.00333333333333,51.33398673571696,4.11350157643249,3.1678180854185913,3522.138984290117,0.8294994367534324,6808.333333333333,34.97729812040803,4.806019740626641,36.68065686114759,12.931733212259921,73.80083333333333,0.5720158627377441,42336759.666666664,1.2214309554624105,69.2505,5.2742
Timor-Leste,8.428603452140775,87.97500000000001,10.618075717525386,-154.4123133845319,,947.9982556136828,,1770.0,-120.88114632909294,,16.085961055182228,,67.7045,44.88381468992693,458638.1666666667,1.4098395193758417,76.60733333333333,
Togo,40.81632653061225,66.78,30.245409993700083,-11.274651995382186,0.9287841471124777,710.6926579590546,1.5836831080416474,1290.0,6.078153366327431,11.647099752343296,18.727960219973703,2.5954118740653125,58.958,8.67705638663565,2495728.6666666665,3.36433709279307,68.19950000000001,
Tonga,21.2962962962963,91.93333333333334,17.871767270736452,-31.329925581442737,0.936304032382604,3382.883012580802,2.4248179875800298,3301.6666666666665,-10.532488651225643,,17.656280392718816,,58.710499999999996,11.172467976825201,56273.666666666664,0.4731768439779032,77.06016666666667,
Trinidad and Tobago,7.14749837556855,211.98333333333332,,,9.842117223904411,8417.544654243027,6.504282677067351,10483.333333333334,,,43.25226175899437,9.942880965864386,60.79249999999999,0.3409494853145256,878166.1666666666,0.3899788944509823,44.510833333333345,26.998
Tunisia,18.434603501544796,68.04333333333334,40.39277832344706,-2.6243091277867663,2.065615641503586,2563.5842421877473,3.710408861544591,5181.666666666667,22.310658499699112,4.109335115901473,27.1687434845793,23.311664053648276,48.20133333333333,0.843517635109141,5997889.666666667,1.3142566151759583,37.544333333333334,31.85
Turkiye,31.61887313817462,77.59333333333332,20.89572076661973,-3.0413989417140397,0.39142625493592487,6184.4995044176,3.1721911597181154,9896.666666666666,21.166983259449097,15.689092084533492,29.92282845147136,,52.643333333333324,0.07783028180073659,38686739.0,1.5812979390813233,36.562999999999995,14.272666666666668
Turkmenistan,3.805531320267558,81.79333333333334,53.035120158592385,-13.056867222278468,5.055491284614514,2027.0076978192853,1.1642044565634417,3625.0,16.597846922937112,1.7959966624863835,49.10324613004753,,54.51616666666667,1.069770604818453,2525341.5,1.6718460781237467,54.64666666666667,
Turks and Caicos Islands,1.0526315789473684,,,,,,,,,,15.015059010472282,,,,11468.0,4.391776922980325,17.698,
Tuvalu,,79.81166666666668,,,,2823.829056010283,1.8644163179157356,,,,12.124694712772987,,,,5468.666666666667,0.13717498560859215,55.007000000000005,
Uganda,25.57429558080176,102.31666666666666,11.60910834386578,-10.279260835053346,2.503332578682308,481.83346053694777,3.8607759653909235,1015.0,8.709037710326262,14.035856473359834,16.579182188300233,,69.582,12.187044744158912,10582120.333333334,2.949199448898725,86.19949999999999,
Ukraine,56.85912373061765,48.163333333333334,48.200850390922966,-0.10911722894391573,1.357947315528012,1375.766845703125,-2.6860499517696232,3856.6666666666665,21.379862571763123,2.6166666692553355,32.78706857556072,2.836304496402467,57.785833333333336,,33741714.333333336,-0.9052528246454834,32.952000000000005,
United Arab Emirates,0.6406646015206985,200.12333333333333,,,-2.428123308684249e-05,61550.500392856426,-0.05004611770591083,102140.0,,,44.65029907554174,,74.42966666666668,,2127573.1666666665,5.682837460109205,20.804333333333332,
United Kingdom,25.109191363893142,98.57000000000001,25.384268660828937,-0.18189926375613275,5.321407451974386,35823.346988512574,3.170018224403099,23138.333333333332,18.15923930273064,8.1446185428173,23.44224727461948,8.262006387257864,61.74333333333334,,37939034.5,0.29313999656542533,21.498000000000005,13.501166666666668
United States,19.396276846941618,75.85166666666667,10.670497761441625,-1.9608752683821982,2.086291817199909,45134.545429245474,2.8386877612313293,32411.666666666668,20.612468670847427,11.074567519545228,22.70321068356692,11.43744066745517,65.67516666666667,,180777187.83333334,1.1641637630680801,21.8205,10.902666666666667
Upper middle income,8.99522625182432,,22.54596224739846,0.7275584351587465,2.746451571139661,3244.9994922499445,3.3959854182000506,4459.909918402889,25.69419185184842,,34.39302925527419,8.465222033638671,70.73160681635683,0.2429480148722878,1516224976.0,1.083708284478983,53.294572754408506,
Uruguay,7.655315582980993,42.73,17.390050490167585,-2.0653508324836563,0.7882724342658299,10810.314673855375,1.7529072384813962,10140.0,13.661840319950109,4.008698582762681,24.960267502773704,21.711494712052918,60.18683333333333,0.16859051328930463,2038872.6666666667,0.5259941495591648,8.709166666666667,24.3714
Uzbekistan,10.482852799965954,46.48666666666667,23.128782813796263,0.43520689514602473,0.6300965952411086,1198.7360217443777,1.4264422124153668,2376.6666666666665,20.16111797436479,-3.289707809540613,22.795982432001722,,62.21816666666666,0.9290325608138215,13604370.166666666,1.6126580316071932,55.07366666666667,
Vanuatu,1.6406890894175554,90.31166666666667,42.126078701198615,-8.119387215574,9.379541055392787,2687.402456648063,0.203649501168942,1856.6666666666667,12.236334839921119,,9.607067345915844,44.89674160424939,69.41333333333333,13.778064568622199,94719.0,2.3754184928977433,79.07966666666667,
"Venezuela, RB",2.940120552500803,89.51666666666667,27.40016564643389,6.785889275041114,4.019106800794192,,-0.670798017775283,11321.666666666666,31.624374530579615,13.167955049003519,42.9471740421489,3.263202858711806,64.27499999999999,0.04647858404963832,14071623.5,2.018949578411205,13.203333333333333,
Viet Nam,17.858007177385122,50.89166666666667,44.25334931163426,-6.989509097776022,6.966157531489866,1051.5063183872087,5.864686277783055,2155.0,21.44735104703859,15.797075327858025,32.3796230165554,,74.28466666666667,3.9820359944435038,46199573.666666664,1.4310125534509917,76.79066666666667,
Virgin Islands (U.S.),7.6190476190476195,,,,,,,,,,,,61.35216666666667,,69445.66666666667,0.20436139230287556,8.441166666666668,
West Bank and Gaza,12.246866002214839,129.22166666666666,17.76662314129042,-55.14470227919258,4.047270323149635,2398.2361779621338,2.498578139885614,2998.3333333333335,-18.572926234951016,6.662924988416745,24.760156312625856,28.537818250432398,40.2515,13.516082365303783,1345884.8333333333,3.5165660792809983,28.775333333333336,16.024
World,10.51290349374432,,21.86773862894263,0.3111841681648985,2.479615859154263,7441.9405728775455,2.1247174185545155,7207.226852849822,24.199445708983216,8.24562452903627,28.350888608612916,7.760044292543324,64.14104373345431,0.16105324902651086,3693610511.6666665,1.4315221262103275,54.27158396072596,
"Yemen, Rep.",3.0124817697975264,60.29333333333333,37.17807108077892,-4.582950007655993,-2.0137547777829043,2106.0140127691234,2.1319952460007223,2866.6666666666665,12.942684961465224,9.969624273181964,41.497371795433544,,45.25450000000001,3.740227879639919,8180741.833333333,3.007314359808688,74.9975,18.65
Zambia,3.825717321997875,41.10333333333334,27.05500621469326,-7.1777258547526515,4.149823076265578,801.4465540152656,0.8821998199103357,1541.6666666666667,,32.547353525249356,28.872879774967227,,59.04466666666667,23.790263206422306,4546223.166666667,2.5768476820664303,64.05099999999999,21.36
Zimbabwe,8.85786911378226,125.38166666666666,38.48718473655437,-0.8482288346377693,2.0553367231291477,1722.1578581416663,0.5737917779753113,1755.0,16.680265865742495,0.7395494409318815,22.23176907367822,,66.00333333333333,6.2091933890794415,6087230.166666667,1.4346170995169452,67.25966666666666,15.280000000000001
